Dataset,Approach,config_tag,rel_thres,over_ratio,under_ratio,seed,n_rows,MAE,MAE_many,MAE_med,MAE_few,n_many,n_med,n_few
BPIC20PTC,Vanilla_SMOGN,rel0p8_over2_under0p1,0.8,2.0,0.1,409,3148,8.298697570076135,7.4180121996746,46.46586496057645,,3077,71,0
BPIC20PTC,Vanilla_SMOGN,rel0p8_over2_under0p1,0.8,2.0,0.1,1824,3148,8.430404487755883,7.558523348333156,46.21601386809013,,3077,71,0
BPIC20PTC,Vanilla_SMOGN,rel0p8_over2_under0p1,0.8,2.0,0.1,3657,3148,8.507506435412767,7.6603538177599955,45.221430442702605,,3077,71,0
BPIC20PTC,Vanilla_SMOGN,rel0p8_over2_under0p1,0.8,2.0,0.1,4012,3148,8.584710106689108,7.758147647948787,44.40629722702671,,3077,71,0
BPIC20PTC,Vanilla_SMOGN,rel0p8_over2_under0p1,0.8,2.0,0.1,4506,3148,8.400086038297438,7.523238990227045,46.40090810748893,,3077,71,0
BPIC20PTC,Vanilla_SMOGN,rel0p8_over2_under0p3,0.8,2.0,0.3,409,3148,8.123633877029867,6.536782141276072,29.989407794576294,,2935,213,0
BPIC20PTC,Vanilla_SMOGN,rel0p8_over2_under0p3,0.8,2.0,0.3,1824,3148,8.3144486204566,6.855580995314369,28.416685614787358,,2935,213,0
BPIC20PTC,Vanilla_SMOGN,rel0p8_over2_under0p3,0.8,2.0,0.3,3657,3148,8.169793452210772,6.6203225556589675,29.520483975119433,,2935,213,0
BPIC20PTC,Vanilla_SMOGN,rel0p8_over2_under0p3,0.8,2.0,0.3,4012,3148,8.42261870987382,7.026867659128504,27.65515079408744,,2935,213,0
BPIC20PTC,Vanilla_SMOGN,rel0p8_over2_under0p3,0.8,2.0,0.3,4506,3148,8.118998459477588,6.523336722253737,30.106168406670083,,2935,213,0
BPIC20PTC,Vanilla_SMOGN,rel0p8_over2_under0p5,0.8,2.0,0.5,409,3148,8.07603431486417,6.409059331761933,18.334940831055267,82.02277119954427,2724,421,3
BPIC20PTC,Vanilla_SMOGN,rel0p8_over2_under0p5,0.8,2.0,0.5,1824,3148,8.147105213420364,6.567369501758777,17.846623355022803,81.3814188639323,2724,421,3
BPIC20PTC,Vanilla_SMOGN,rel0p8_over2_under0p5,0.8,2.0,0.5,3657,3148,7.9310371171034575,6.120536698600094,19.11164617651715,82.85327911376953,2724,421,3
BPIC20PTC,Vanilla_SMOGN,rel0p8_over2_under0p5,0.8,2.0,0.5,4012,3148,8.184663921140201,6.665128353715118,17.49864323178833,80.86119588216145,2724,421,3
BPIC20PTC,Vanilla_SMOGN,rel0p8_over2_under0p5,0.8,2.0,0.5,4506,3148,8.336808094832918,6.967961450505362,16.685427233045854,79.66000874837239,2724,421,3
BPIC20PTC,Vanilla_SMOGN,rel0p8_over2_under1,0.8,2.0,1.0,409,3148,8.292922637892799,6.436351804342394,13.516619908952904,74.10687351226807,2391,749,8
BPIC20PTC,Vanilla_SMOGN,rel0p8_over2_under1,0.8,2.0,1.0,1824,3148,8.116368971755575,6.131843913902752,13.735685132055957,75.13282012939453,2391,749,8
BPIC20PTC,Vanilla_SMOGN,rel0p8_over2_under1,0.8,2.0,1.0,3657,3148,8.174643792032136,6.242179996794809,13.628884376607369,75.08648586273193,2391,749,8
BPIC20PTC,Vanilla_SMOGN,rel0p8_over2_under1,0.8,2.0,1.0,4012,3148,8.304794006759662,6.4187472003217225,13.625929301507641,73.80574131011963,2391,749,8
BPIC20PTC,Vanilla_SMOGN,rel0p8_over2_under1,0.8,2.0,1.0,4506,3148,8.13533187688836,6.161025470343159,13.721445734255783,75.20624923706055,2391,749,8
BPIC20PTC,Vanilla_SMOGN,rel0p8_over5_under0p1,0.8,5.0,0.1,409,3148,8.829951719869653,8.305963184280971,52.887474266258444,,3111,37,0
BPIC20PTC,Vanilla_SMOGN,rel0p8_over5_under0p1,0.8,5.0,0.1,1824,3148,8.889680240629891,8.367889574584911,52.76240353970914,,3111,37,0
BPIC20PTC,Vanilla_SMOGN,rel0p8_over5_under0p1,0.8,5.0,0.1,3657,3148,9.13099059273206,8.64697996526238,49.82712740511508,,3111,37,0
BPIC20PTC,Vanilla_SMOGN,rel0p8_over5_under0p1,0.8,5.0,0.1,4012,3148,9.00652968217033,8.520951121920982,49.83449997773042,,3111,37,0
BPIC20PTC,Vanilla_SMOGN,rel0p8_over5_under0p1,0.8,5.0,0.1,4506,3148,8.965076403514857,8.461124523779619,51.33789526449667,,3111,37,0
BPIC20PTC,Vanilla_SMOGN,rel0p8_over5_under0p3,0.8,5.0,0.3,409,3148,8.171133471716768,7.4102505641911325,48.007867392847096,,3089,59,0
BPIC20PTC,Vanilla_SMOGN,rel0p8_over5_under0p3,0.8,5.0,0.3,1824,3148,8.254699605657912,7.5078325322161374,47.357621467719646,,3089,59,0
BPIC20PTC,Vanilla_SMOGN,rel0p8_over5_under0p3,0.8,5.0,0.3,3657,3148,8.154361045383286,7.390179726752543,48.1637863547115,,3089,59,0
BPIC20PTC,Vanilla_SMOGN,rel0p8_over5_under0p3,0.8,5.0,0.3,4012,3148,8.12375437175758,7.352966329664735,48.47908084675417,,3089,59,0
BPIC20PTC,Vanilla_SMOGN,rel0p8_over5_under0p3,0.8,5.0,0.3,4506,3148,8.136000075137297,7.368541177170452,48.317026105977725,,3089,59,0
BPIC20PTC,Vanilla_SMOGN,rel0p8_over5_under0p5,0.8,5.0,0.5,409,3148,8.214681888739975,7.125782553661168,37.73163172176906,,3036,112,0
BPIC20PTC,Vanilla_SMOGN,rel0p8_over5_under0p5,0.8,5.0,0.5,1824,3148,8.190244592394883,7.0866011588077145,38.10686480998993,,3036,112,0
BPIC20PTC,Vanilla_SMOGN,rel0p8_over5_under0p5,0.8,5.0,0.5,3657,3148,8.216210803393336,7.126958302397659,37.7427339553833,,3036,112,0
BPIC20PTC,Vanilla_SMOGN,rel0p8_over5_under0p5,0.8,5.0,0.5,4012,3148,8.105330056088398,6.978526909164446,38.649743931634085,,3036,112,0
BPIC20PTC,Vanilla_SMOGN,rel0p8_over5_under0p5,0.8,5.0,0.5,4506,3148,8.039661822620461,6.893190831966865,39.117214747837615,,3036,112,0
BPIC20PTC,Vanilla_SMOGN,rel0p8_over5_under1,0.8,5.0,1.0,409,3148,8.36033694735779,6.895018885041438,19.97640485990615,79.38687642415364,2809,336,3
BPIC20PTC,Vanilla_SMOGN,rel0p8_over5_under1,0.8,5.0,1.0,1824,3148,8.024402281607879,6.216989293901383,22.473004749843053,82.12195332845052,2809,336,3
BPIC20PTC,Vanilla_SMOGN,rel0p8_over5_under1,0.8,5.0,1.0,3657,3148,8.067445692370777,6.319504890037882,22.023087819417317,81.69076538085938,2809,336,3
BPIC20PTC,Vanilla_SMOGN,rel0p8_over5_under1,0.8,5.0,1.0,4012,3148,8.196260715379195,6.57638155314879,21.09186231522333,80.63573710123698,2809,336,3
BPIC20PTC,Vanilla_SMOGN,rel0p8_over5_under1,0.8,5.0,1.0,4506,3148,8.292997734405791,6.772587180052757,20.36476785228366,79.86582692464192,2809,336,3
BPIC20PTC,Vanilla_SMOGN,rel0p8_over10_under0p1,0.8,10.0,0.1,409,3148,9.044912973307595,8.645013517108938,68.5918462844122,,3127,21,0
BPIC20PTC,Vanilla_SMOGN,rel0p8_over10_under0p1,0.8,10.0,0.1,1824,3148,10.069077175333055,9.597106194168301,80.34780375162761,,3127,21,0
BPIC20PTC,Vanilla_SMOGN,rel0p8_over10_under0p1,0.8,10.0,0.1,3657,3148,8.924164458598085,8.517943902064482,69.41233971005394,,3127,21,0
BPIC20PTC,Vanilla_SMOGN,rel0p8_over10_under0p1,0.8,10.0,0.1,4012,3148,8.950224745644698,8.548470854987952,68.7732921781994,,3127,21,0
BPIC20PTC,Vanilla_SMOGN,rel0p8_over10_under0p1,0.8,10.0,0.1,4506,3148,10.026499220194932,9.552080417617198,80.66971806117466,,3127,21,0
BPIC20PTC,Vanilla_SMOGN,rel0p8_over10_under0p3,0.8,10.0,0.3,409,3148,8.49768140628044,8.04316409785752,55.73718032836914,,3118,30,0
BPIC20PTC,Vanilla_SMOGN,rel0p8_over10_under0p3,0.8,10.0,0.3,1824,3148,8.517945657426248,8.06205090874659,55.90060653686523,,3118,30,0
BPIC20PTC,Vanilla_SMOGN,rel0p8_over10_under0p3,0.8,10.0,0.3,3657,3148,8.647089359910243,8.200155329482536,55.09843292236328,,3118,30,0
BPIC20PTC,Vanilla_SMOGN,rel0p8_over10_under0p3,0.8,10.0,0.3,4012,3148,8.621360048746366,8.163380811312322,56.22066879272461,,3118,30,0
BPIC20PTC,Vanilla_SMOGN,rel0p8_over10_under0p3,0.8,10.0,0.3,4506,3148,8.560688441181425,8.110357264435544,55.365108744303384,,3118,30,0
BPIC20PTC,Vanilla_SMOGN,rel0p8_over10_under0p5,0.8,10.0,0.5,409,3148,8.251194085069049,7.525906657463441,49.03872160478072,,3093,55,0
BPIC20PTC,Vanilla_SMOGN,rel0p8_over10_under0p5,0.8,10.0,0.5,1824,3148,8.283069226346447,7.563051880388787,48.774226518110794,,3093,55,0
BPIC20PTC,Vanilla_SMOGN,rel0p8_over10_under0p5,0.8,10.0,0.5,3657,3148,8.264513762206256,7.541066113930476,48.94857878251509,,3093,55,0
BPIC20PTC,Vanilla_SMOGN,rel0p8_over10_under0p5,0.8,10.0,0.5,4012,3148,8.22741619134949,7.496479326877785,49.33264749700373,,3093,55,0
BPIC20PTC,Vanilla_SMOGN,rel0p8_over10_under0p5,0.8,10.0,0.5,4506,3148,8.286903753403333,7.56630384274528,48.81082236550071,,3093,55,0
BPIC20PTC,Vanilla_SMOGN,rel0p8_over10_under1,0.8,10.0,1.0,409,3148,8.715138923182725,7.608420737871998,39.8672063615587,,3040,108,0
BPIC20PTC,Vanilla_SMOGN,rel0p8_over10_under1,0.8,10.0,1.0,1824,3148,8.646343593903387,7.521503067408737,40.30852137671577,,3040,108,0
BPIC20PTC,Vanilla_SMOGN,rel0p8_over10_under1,0.8,10.0,1.0,3657,3148,8.659600907957993,7.537121043667981,40.25533042130647,,3040,108,0
BPIC20PTC,Vanilla_SMOGN,rel0p8_over10_under1,0.8,10.0,1.0,4012,3148,8.639823041127325,7.520366927236319,40.15043958028158,,3040,108,0
BPIC20PTC,Vanilla_SMOGN,rel0p8_over10_under1,0.8,10.0,1.0,4506,3148,8.55080709168084,7.406248702265715,40.76800620114362,,3040,108,0
BPIC20PTC,Vanilla_SMOGN,rel0p9_over2_under0p1,0.9,2.0,0.1,409,3148,8.352591322330236,7.488813563721266,45.78701615669358,,3077,71,0
BPIC20PTC,Vanilla_SMOGN,rel0p9_over2_under0p1,0.9,2.0,0.1,1824,3148,8.746079085061027,7.973947248018753,42.20875038899167,,3077,71,0
BPIC20PTC,Vanilla_SMOGN,rel0p9_over2_under0p1,0.9,2.0,0.1,3657,3148,8.334040227960298,7.48635295214574,45.07113526572644,,3077,71,0
BPIC20PTC,Vanilla_SMOGN,rel0p9_over2_under0p1,0.9,2.0,0.1,4012,3148,8.698924054184591,7.916875247719771,42.59137725830078,,3077,71,0
BPIC20PTC,Vanilla_SMOGN,rel0p9_over2_under0p1,0.9,2.0,0.1,4506,3148,8.176846331153467,7.283454575397614,46.89468340806558,,3077,71,0
BPIC20PTC,Vanilla_SMOGN,rel0p9_over2_under0p3,0.9,2.0,0.3,409,3148,8.32655275640524,6.82924858140764,25.169768203557233,,2891,257,0
BPIC20PTC,Vanilla_SMOGN,rel0p9_over2_under0p3,0.9,2.0,0.3,1824,3148,8.160327639937249,6.552027176177778,26.25214336261675,,2891,257,0
BPIC20PTC,Vanilla_SMOGN,rel0p9_over2_under0p3,0.9,2.0,0.3,3657,3148,8.500679408542084,7.127667650183523,23.94572607552495,,2891,257,0
BPIC20PTC,Vanilla_SMOGN,rel0p9_over2_under0p3,0.9,2.0,0.3,4012,3148,8.316383304938276,6.839914853083803,24.925217134943267,,2891,257,0
BPIC20PTC,Vanilla_SMOGN,rel0p9_over2_under0p3,0.9,2.0,0.3,4506,3148,8.564726862890748,7.250458996133465,23.348961893222675,,2891,257,0
BPIC20PTC,Vanilla_SMOGN,rel0p9_over2_under0p5,0.9,2.0,0.5,409,3148,8.32936722593053,6.900413422748961,15.746119126552292,78.84807777404785,2668,476,4
BPIC20PTC,Vanilla_SMOGN,rel0p9_over2_under0p5,0.9,2.0,0.5,1824,3148,8.092642711411589,6.456651670464511,16.65392855636212,80.50565147399902,2668,476,4
BPIC20PTC,Vanilla_SMOGN,rel0p9_over2_under0p5,0.9,2.0,0.5,3657,3148,8.335328514838007,6.9439716912370395,15.544487748827253,78.48038101196289,2668,476,4
BPIC20PTC,Vanilla_SMOGN,rel0p9_over2_under0p5,0.9,2.0,0.5,4012,3148,8.280875340425983,6.8017204225152685,15.975238723915163,79.24796295166016,2668,476,4
BPIC20PTC,Vanilla_SMOGN,rel0p9_over2_under0p5,0.9,2.0,0.5,4506,3148,8.177768774756634,6.616685630946324,16.32490825653076,79.9106273651123,2668,476,4
BPIC20PTC,Vanilla_SMOGN,rel0p9_over2_under1,0.9,2.0,1.0,409,3148,8.134454235642808,6.18430220308777,13.522229832927072,74.63152027130127,2378,762,8
BPIC20PTC,Vanilla_SMOGN,rel0p9_over2_under1,0.9,2.0,1.0,1824,3148,8.085183357950086,6.092248501348536,13.601643188106106,75.04227066040039,2378,762,8
BPIC20PTC,Vanilla_SMOGN,rel0p9_over2_under1,0.9,2.0,1.0,3657,3148,8.02841697021694,6.009740460560641,13.620650202583453,75.4197940826416,2378,762,8
BPIC20PTC,Vanilla_SMOGN,rel0p9_over2_under1,0.9,2.0,1.0,4012,3148,8.212822522944386,6.330989224756335,13.389500987185581,74.50914669036865,2378,762,8
BPIC20PTC,Vanilla_SMOGN,rel0p9_over2_under1,0.9,2.0,1.0,4506,3148,7.987033515524834,5.946770694398198,13.641026954951249,75.91228199005127,2378,762,8
BPIC20PTC,Vanilla_SMOGN,rel0p9_over5_under0p1,0.9,5.0,0.1,409,3148,9.417695094359118,8.99197562812153,53.66413828531901,,3118,30,0
BPIC20PTC,Vanilla_SMOGN,rel0p9_over5_under0p1,0.9,5.0,0.1,1824,3148,9.149558195695187,8.712977669268101,54.524827575683595,,3118,30,0
BPIC20PTC,Vanilla_SMOGN,rel0p9_over5_under0p1,0.9,5.0,0.1,3657,3148,9.182270115030766,8.752034249865451,53.89811770121256,,3118,30,0
BPIC20PTC,Vanilla_SMOGN,rel0p9_over5_under0p1,0.9,5.0,0.1,4012,3148,8.737335554374976,8.271713723273825,57.130964533487955,,3118,30,0
BPIC20PTC,Vanilla_SMOGN,rel0p9_over5_under0p1,0.9,5.0,0.1,4506,3148,9.19136432403985,8.757627562386169,54.27107175191244,,3118,30,0
BPIC20PTC,Vanilla_SMOGN,rel0p9_over5_under0p3,0.9,5.0,0.3,409,3148,8.263223917769054,7.519272399234062,48.60627907200863,,3091,57,0
BPIC20PTC,Vanilla_SMOGN,rel0p9_over5_under0p3,0.9,5.0,0.3,1824,3148,8.411318126521541,7.691189716333557,47.46249208952251,,3091,57,0
BPIC20PTC,Vanilla_SMOGN,rel0p9_over5_under0p3,0.9,5.0,0.3,3657,3148,8.262502917492101,7.523334885754272,48.34615881401196,,3091,57,0
BPIC20PTC,Vanilla_SMOGN,rel0p9_over5_under0p3,0.9,5.0,0.3,4012,3148,8.215028839992902,7.46317163612109,48.98679405346251,,3091,57,0
BPIC20PTC,Vanilla_SMOGN,rel0p9_over5_under0p3,0.9,5.0,0.3,4506,3148,8.144404991192618,7.38075656394903,49.55558549312123,,3091,57,0
BPIC20PTC,Vanilla_SMOGN,rel0p9_over5_under0p5,0.9,5.0,0.5,409,3148,8.099216626363,6.836712567850571,36.059968275182385,,3012,136,0
BPIC20PTC,Vanilla_SMOGN,rel0p9_over5_under0p5,0.9,5.0,0.5,1824,3148,8.188386709066025,6.954020760844586,35.525961974087885,,3012,136,0
BPIC20PTC,Vanilla_SMOGN,rel0p9_over5_under0p5,0.9,5.0,0.5,3657,3148,8.093077050003648,6.8169227855139045,36.35614061355591,,3012,136,0
BPIC20PTC,Vanilla_SMOGN,rel0p9_over5_under0p5,0.9,5.0,0.5,4012,3148,8.13132032797479,6.878083903990577,35.88682112974279,,3012,136,0
BPIC20PTC,Vanilla_SMOGN,rel0p9_over5_under0p5,0.9,5.0,0.5,4506,3148,8.083904563130993,6.805907709071361,36.3877760662752,,3012,136,0
BPIC20PTC,Vanilla_SMOGN,rel0p9_over5_under1,0.9,5.0,1.0,409,3148,8.218682377848873,6.742081321568128,18.272689640522003,80.2709248860677,2761,384,3
BPIC20PTC,Vanilla_SMOGN,rel0p9_over5_under1,0.9,5.0,1.0,1824,3148,8.036104996178626,6.350221315659893,19.581914136807125,81.74748229980469,2761,384,3
BPIC20PTC,Vanilla_SMOGN,rel0p9_over5_under1,0.9,5.0,1.0,3657,3148,8.333951093228073,6.959981542400414,17.656521692872047,79.55489095052083,2761,384,3
BPIC20PTC,Vanilla_SMOGN,rel0p9_over5_under1,0.9,5.0,1.0,4012,3148,8.049814994597224,6.353004931151457,19.673368846376736,81.86578369140625,2761,384,3
BPIC20PTC,Vanilla_SMOGN,rel0p9_over5_under1,0.9,5.0,1.0,4506,3148,8.266152331948735,6.817109729059793,18.123600900173187,80.11494445800781,2761,384,3
BPIC20PTC,Vanilla_SMOGN,rel0p9_over10_under0p1,0.9,10.0,0.1,409,3148,8.507360196931542,8.123492818410234,79.20669914694393,,3131,17,0
BPIC20PTC,Vanilla_SMOGN,rel0p9_over10_under0p1,0.9,10.0,0.1,1824,3148,9.026208479000017,8.68776917324322,71.35876532161937,,3131,17,0
BPIC20PTC,Vanilla_SMOGN,rel0p9_over10_under0p1,0.9,10.0,0.1,3657,3148,9.208405902568995,8.875058956132534,70.6030699786018,,3131,17,0
BPIC20PTC,Vanilla_SMOGN,rel0p9_over10_under0p1,0.9,10.0,0.1,4012,3148,9.313501354548347,8.982450411670774,70.28529559864717,,3131,17,0
BPIC20PTC,Vanilla_SMOGN,rel0p9_over10_under0p1,0.9,10.0,0.1,4506,3148,10.052202686118353,9.654453430797147,83.30825671027688,,3131,17,0
BPIC20PTC,Vanilla_SMOGN,rel0p9_over10_under0p3,0.9,10.0,0.3,409,3148,8.455787125922825,8.005117978363025,55.29533386230469,,3118,30,0
BPIC20PTC,Vanilla_SMOGN,rel0p9_over10_under0p3,0.9,10.0,0.3,1824,3148,8.268179737930831,7.803163838738276,56.59883219401042,,3118,30,0
BPIC20PTC,Vanilla_SMOGN,rel0p9_over10_under0p3,0.9,10.0,0.3,3657,3148,8.293529129884144,7.823034955607996,57.19355697631836,,3118,30,0
BPIC20PTC,Vanilla_SMOGN,rel0p9_over10_under0p3,0.9,10.0,0.3,4012,3148,8.25651106961649,7.785010416129983,57.26114565531413,,3118,30,0
BPIC20PTC,Vanilla_SMOGN,rel0p9_over10_under0p3,0.9,10.0,0.3,4506,3148,8.331430962647689,7.870382360688687,56.24974899291992,,3118,30,0
BPIC20PTC,Vanilla_SMOGN,rel0p9_over10_under0p5,0.9,10.0,0.5,409,3148,8.200753310470448,7.562784816317985,51.222020024838656,,3102,46,0
BPIC20PTC,Vanilla_SMOGN,rel0p9_over10_under0p5,0.9,10.0,0.5,1824,3148,8.26409596000269,7.633222666500001,50.80689936098845,,3102,46,0
BPIC20PTC,Vanilla_SMOGN,rel0p9_over10_under0p5,0.9,10.0,0.5,3657,3148,8.004969344470824,7.342713353827567,52.66405810480533,,3102,46,0
BPIC20PTC,Vanilla_SMOGN,rel0p9_over10_under0p5,0.9,10.0,0.5,4012,3148,8.201141366851072,7.5657147134910625,51.05099959995436,,3102,46,0
BPIC20PTC,Vanilla_SMOGN,rel0p9_over10_under0p5,0.9,10.0,0.5,4506,3148,8.162067038320677,7.517329577589558,51.639797542406164,,3102,46,0
BPIC20PTC,Vanilla_SMOGN,rel0p9_over10_under1,0.9,10.0,1.0,409,3148,8.545265321431652,7.41256173208297,39.249623332704815,,3036,112,0
BPIC20PTC,Vanilla_SMOGN,rel0p9_over10_under1,0.9,10.0,1.0,1824,3148,8.605508086339038,7.490105218095742,38.84089297907693,,3036,112,0
BPIC20PTC,Vanilla_SMOGN,rel0p9_over10_under1,0.9,10.0,1.0,3657,3148,8.691463694714834,7.596049452723251,38.385014040129526,,3036,112,0
BPIC20PTC,Vanilla_SMOGN,rel0p9_over10_under1,0.9,10.0,1.0,4012,3148,8.42870449266258,7.2595162002544,40.12205856187003,,3036,112,0
BPIC20PTC,Vanilla_SMOGN,rel0p9_over10_under1,0.9,10.0,1.0,4506,3148,8.577606915783852,7.450749565293823,39.12349009513855,,3036,112,0
