Dataset,Quantile,Execution_Level,Method,AUC-Average,AUC-Std,PR-AUC-Average,PR-AUC-Std
P2P,0.8,0.25,Vanilla,0.886577380952381,0.01700418240868277,0.8987388273556032,0.0088092148032318
P2P,0.8,0.25,CSW,0.9167261904761904,0.033314992828537865,0.9179600727169597,0.01727718404912539
P2P,0.8,0.25,EAL,0.8920535714285714,0.014778516478988323,0.9129645852161591,0.009109971579085701
P2P,0.8,0.25,BMSE,0.8692559523809524,0.023687746612313345,0.8880601952712729,0.020026178110818946
P2P,0.8,0.25,SERA,0.9276488095238093,0.022671461827722856,0.9365071789550445,0.01580895279852138
P2P,0.8,0.5,Vanilla,0.9424404761904762,0.006485091047602286,0.9467128762129929,0.003964633609671921
P2P,0.8,0.5,CSW,0.9246428571428572,0.038411396179184105,0.9309278193607481,0.028308882307998457
P2P,0.8,0.5,EAL,0.9059523809523811,0.01726703536233369,0.9167384830698782,0.008599610266693728
P2P,0.8,0.5,BMSE,0.9048809523809525,0.020233280239538493,0.915152998755113,0.011886813252401518
P2P,0.8,0.5,SERA,0.9341071428571428,0.02331385089220649,0.9393034222050345,0.020142996164010264
P2P,0.8,0.75,Vanilla,0.9711904761904762,0.0025288864031247408,0.9714259570887425,0.002404469020422808
P2P,0.8,0.75,CSW,0.9439880952380953,0.028550029188543134,0.9474570522853016,0.022439119576670444
P2P,0.8,0.75,EAL,0.9273214285714285,0.01428478419591316,0.9370591442779033,0.009661512282713754
P2P,0.8,0.75,BMSE,0.9261904761904762,0.011559349098772854,0.9386076927026714,0.005646351115791487
P2P,0.8,0.75,SERA,0.950297619047619,0.0200534291999084,0.9512672270041689,0.01458298508362647
P2P,0.9,0.25,Quantile,0.9133355614973262,0.012369471340428094,0.9056825962910763,0.006001131803913957
P2P,0.9,0.25,Vanilla,0.9053141711229944,0.019735389480782805,0.8903138722449621,0.015383099613131735
P2P,0.9,0.25,CSW,0.9376671122994653,0.01024236177628055,0.9073006695012783,0.015487635564722489
P2P,0.9,0.25,EAL,0.9390040106951872,0.0038107467416415215,0.9214159522576161,0.006859263715681497
P2P,0.9,0.25,BMSE,0.924899732620321,0.009638773202041956,0.911298426879305,0.005712247702022081
P2P,0.9,0.25,SERA,0.9380013368983956,0.011790598785001738,0.926258094178557,0.01153713479877829
P2P,0.9,0.5,Quantile,0.958355614973262,0.006757621366898407,0.9414318819211708,0.007727690162599666
P2P,0.9,0.5,Vanilla,0.9481951871657752,0.0054714924945672054,0.9470895442053363,0.0027051381030012015
P2P,0.9,0.5,CSW,0.9612299465240641,0.0028823844102038934,0.9495086059361215,0.003498249021368038
P2P,0.9,0.5,EAL,0.9647727272727273,0.002334792673338597,0.9531310230208805,0.002330400956882707
P2P,0.9,0.5,BMSE,0.9601604278074867,0.005539463951598311,0.9485203825464279,0.006624838657633137
P2P,0.9,0.5,SERA,0.9609625668449198,0.005468429234555855,0.9535942579040144,0.004268564545548142
P2P,0.9,0.75,Quantile,0.9717914438502675,0.00099147038597533,0.9690304818606057,0.002150701879586942
P2P,0.9,0.75,Vanilla,0.9697192513368984,0.0014100951276556709,0.9667647095154589,0.0017712582001975692
P2P,0.9,0.75,CSW,0.970120320855615,0.0035339411464936246,0.9645690884656327,0.002413401433967359
P2P,0.9,0.75,EAL,0.9688502673796793,0.001954571058451046,0.9659281644132243,0.0012725525477255415
P2P,0.9,0.75,BMSE,0.9706550802139038,0.0024492073476686115,0.9657517671712526,0.0015355956337873462
P2P,0.9,0.75,SERA,0.9720588235294118,0.007104140207453843,0.962641184339853,0.0077720413171318715
P2P,0.95,0.25,Quantile,0.8640686274509803,0.02903641206627346,0.5470111182372557,0.013964924308561326
P2P,0.95,0.25,Vanilla,0.829264705882353,0.02458175712891149,0.5730175441062515,0.005689210216795529
P2P,0.95,0.25,CSW,0.8774999999999998,0.007203130727135433,0.5366484660805654,0.024836474602095374
P2P,0.95,0.25,EAL,0.886421568627451,0.0037556826096819384,0.5580788977819793,0.015266222015885468
P2P,0.95,0.25,BMSE,0.8694607843137255,0.014926450465229987,0.543531862937565,0.033731244839834
P2P,0.95,0.25,SERA,0.8802450980392157,0.009520410499066817,0.5945130584010756,0.020472026534770982
P2P,0.95,0.5,Quantile,0.8841176470588236,0.010448193352398513,0.6863683210606564,0.025088700798637474
P2P,0.95,0.5,Vanilla,0.8890196078431373,0.005898670179016253,0.7625467745571448,0.01893409894757059
P2P,0.95,0.5,CSW,0.9114705882352941,0.0026703316078362967,0.77595425543006,0.013068155769328302
P2P,0.95,0.5,EAL,0.9140196078431373,0.002742470731509632,0.7699037034759114,0.018852842368703195
P2P,0.95,0.5,BMSE,0.9097058823529413,0.009081204844634809,0.7767457850891973,0.036187191210667685
P2P,0.95,0.5,SERA,0.911764705882353,0.0069928150086701136,0.7924923402123207,0.012346662199085095
P2P,0.95,0.75,Quantile,0.9447058823529411,0.0030098198888253024,0.8747614331775134,0.028757901078750772
P2P,0.95,0.75,Vanilla,0.9427450980392157,0.0018472003609231679,0.9077014605097717,0.0034153901055382525
P2P,0.95,0.75,CSW,0.9433333333333331,0.0022887485352801394,0.9015052325097302,0.014309532325500052
P2P,0.95,0.75,EAL,0.9440196078431372,0.002335515539131713,0.9133091339506215,0.008219908450929476
P2P,0.95,0.75,BMSE,0.9467647058823528,0.003510981290092139,0.9138234695987165,0.00759733960495191
P2P,0.95,0.75,SERA,0.9458823529411765,0.01301837491209208,0.8887507237489674,0.03211902112180138
BPIC15_1,0.8,0.25,Vanilla,0.6778430093498586,0.03448736179117676,0.39955302731435843,0.06062111390471657
BPIC15_1,0.8,0.25,CSW,0.6679712981082844,0.02894751817123488,0.3890920698906918,0.03448847774680513
BPIC15_1,0.8,0.25,EAL,0.6323983474668406,0.03607829506938741,0.3564450599705505,0.057676193900096304
BPIC15_1,0.8,0.25,BMSE,0.6222657099369429,0.02727376675792907,0.400909875346636,0.010865671565744762
BPIC15_1,0.8,0.25,SERA,0.6494890193520331,0.06211839880209872,0.33673286724799767,0.11376795158247646
BPIC15_1,0.8,0.5,Vanilla,0.7675581648184389,0.018947747518935475,0.5373157799858441,0.04862360381745295
BPIC15_1,0.8,0.5,CSW,0.7815612089584693,0.023408047658090975,0.6118057954442564,0.04965372268453052
BPIC15_1,0.8,0.5,EAL,0.8005870841487279,0.012855659166046945,0.5494966664698107,0.060550779286404885
BPIC15_1,0.8,0.5,BMSE,0.7855620787127636,0.026494245543209984,0.5627812588374975,0.015297783991343007
BPIC15_1,0.8,0.5,SERA,0.7783866057838661,0.06400554738635988,0.490191379199352,0.15059906398394726
BPIC15_1,0.8,0.75,Vanilla,0.7810828440965427,0.013915559079600572,0.6085147755205655,0.08652886706340475
BPIC15_1,0.8,0.75,CSW,0.8011089367253751,0.008419815686368865,0.6597209943947047,0.053177844092195045
BPIC15_1,0.8,0.75,EAL,0.8066318764948901,0.013649705375495466,0.5676737046338558,0.09161565993140536
BPIC15_1,0.8,0.75,BMSE,0.8227440747988692,0.04004956457674023,0.6420123563056526,0.04902513466803727
BPIC15_1,0.8,0.75,SERA,0.8293107197216786,0.024505529826737933,0.6575360657610164,0.08284660772454183
BPIC15_1,0.9,0.25,Quantile,0.6123769338959212,0.10334251317022003,0.34903487593496424,0.004778051244577587
BPIC15_1,0.9,0.25,Vanilla,0.6855133614627285,0.10195984244697641,0.35092262029583005,0.005246590038079642
BPIC15_1,0.9,0.25,CSW,0.6559774964838255,0.04761892045163004,0.35337050064175535,0.005079862765031848
BPIC15_1,0.9,0.25,EAL,0.6092827004219409,0.04491243574931701,0.3476248575814306,0.0026749318690605
BPIC15_1,0.9,0.25,BMSE,0.6039381153305203,0.07068542584065735,0.3462123255804689,0.0028532324576626997
BPIC15_1,0.9,0.25,SERA,0.5452883263009844,0.08257786301182116,0.2528689026585535,0.13499774678336632
BPIC15_1,0.9,0.5,Quantile,0.8649789029535866,0.03965646182804973,0.42380266559051005,0.052744128973533436
BPIC15_1,0.9,0.5,Vanilla,0.7684950773558368,0.113072646362021,0.6442402943174503,0.0791180683536023
BPIC15_1,0.9,0.5,CSW,0.6970464135021097,0.014155822942431664,0.604598916320396,0.14910122897440495
BPIC15_1,0.9,0.5,EAL,0.6770745428973276,0.004727914574956837,0.3604042428593443,0.18798177247959685
BPIC15_1,0.9,0.5,BMSE,0.8106891701828411,0.08262097085774947,0.464052618558599,0.0716414540892292
BPIC15_1,0.9,0.5,SERA,0.7288326300984529,0.04129851241600729,0.28968275406342564,0.1207286434159192
BPIC15_1,0.9,0.75,Quantile,0.6340365682137834,0.050987196205505195,0.09969268676540508,0.06182595607835926
BPIC15_1,0.9,0.75,Vanilla,0.6880450070323487,0.03428441338718815,0.23087096355640738,0.04806139097980085
BPIC15_1,0.9,0.75,CSW,0.6748241912798874,0.003640556710420458,0.3115146966039923,0.10571152219817091
BPIC15_1,0.9,0.75,EAL,0.6703234880450071,0.010316242374622931,0.24474892733861342,0.1564828099007633
BPIC15_1,0.9,0.75,BMSE,0.7561181434599156,0.09274492386109397,0.24813655040632251,0.08825615055460405
BPIC15_1,0.9,0.75,SERA,0.7150492264416315,0.02854128816561812,0.4150309898996297,0.021084349687649957
BPIC15_1,0.95,0.25,Quantile,,0.0,,0.0
BPIC15_1,0.95,0.25,Vanilla,,0.0,,0.0
BPIC15_1,0.95,0.25,CSW,,0.0,,0.0
BPIC15_1,0.95,0.25,EAL,,0.0,,0.0
BPIC15_1,0.95,0.25,BMSE,,0.0,,0.0
BPIC15_1,0.95,0.25,SERA,,0.0,,0.0
BPIC15_1,0.95,0.5,Quantile,,0.0,,0.0
BPIC15_1,0.95,0.5,Vanilla,,0.0,,0.0
BPIC15_1,0.95,0.5,CSW,,0.0,,0.0
BPIC15_1,0.95,0.5,EAL,,0.0,,0.0
BPIC15_1,0.95,0.5,BMSE,,0.0,,0.0
BPIC15_1,0.95,0.5,SERA,,0.0,,0.0
BPIC15_1,0.95,0.75,Quantile,,0.0,,0.0
BPIC15_1,0.95,0.75,Vanilla,,0.0,,0.0
BPIC15_1,0.95,0.75,CSW,,0.0,,0.0
BPIC15_1,0.95,0.75,EAL,,0.0,,0.0
BPIC15_1,0.95,0.75,BMSE,,0.0,,0.0
BPIC15_1,0.95,0.75,SERA,,0.0,,0.0
BPIC_2017_W,0.8,0.25,Vanilla,0.6759416430636207,0.015026941396263349,0.4965394087306416,0.00837071017016632
BPIC_2017_W,0.8,0.25,CSW,0.6932960241170274,0.014621797886454473,0.5049162106489522,0.00622870997517857
BPIC_2017_W,0.8,0.25,EAL,0.6724642126789366,0.004025610199456504,0.4926163179065883,0.0023942481190091726
BPIC_2017_W,0.8,0.25,BMSE,0.6913412362528205,0.010689889519107685,0.5029829972317204,0.005505664676812755
BPIC_2017_W,0.8,0.25,SERA,0.7719195382187082,0.015056128851166794,0.5297390802456527,0.005855892374432106
BPIC_2017_W,0.8,0.5,Vanilla,0.8261040210841728,0.004584936843165701,0.7076834651588262,0.0026313954453581197
BPIC_2017_W,0.8,0.5,CSW,0.8267033926416822,0.0027467832907651897,0.7043755656393119,0.0031109291529816943
BPIC_2017_W,0.8,0.5,EAL,0.8246160267416132,0.004241131721645336,0.7055823034052244,0.002482007916792843
BPIC_2017_W,0.8,0.5,BMSE,0.8293200317866504,0.006844731399647482,0.7087839602889894,0.010478511246263365
BPIC_2017_W,0.8,0.5,SERA,0.8334745870833926,0.007508457751537732,0.7051422914404313,0.006528210394283804
BPIC_2017_W,0.8,0.75,Vanilla,0.9157387844522453,0.00117880449802152,0.8516670582006096,0.001968051061031812
BPIC_2017_W,0.8,0.75,CSW,0.9151488723394173,0.0017690211817852717,0.8493419945440358,0.005024146187271742
BPIC_2017_W,0.8,0.75,EAL,0.915770060766452,0.0004660712516530589,0.8527547090666069,0.00109012602424243
BPIC_2017_W,0.8,0.75,BMSE,0.9173012878696747,0.0047944152271804695,0.8498058489034588,0.009877381517074488
BPIC_2017_W,0.8,0.75,SERA,0.9055460596582936,0.005109272868701712,0.8481147184164284,0.013468628418423856
BPIC_2017_W,0.9,0.25,Quantile,0.6319286813115882,0.008586717555514316,0.34143416534616206,0.00805442086509836
BPIC_2017_W,0.9,0.25,Vanilla,0.7019018406557941,0.014096237412748569,0.3793306959684787,0.005761705382649022
BPIC_2017_W,0.9,0.25,CSW,0.7247448389560652,0.014170037382008407,0.3883186302696311,0.0038590888634800905
BPIC_2017_W,0.9,0.25,EAL,0.7002272580575756,0.006237567369075302,0.3769139323306339,0.002767104696264007
BPIC_2017_W,0.9,0.25,BMSE,0.7215831952751839,0.012697490974847934,0.38743648400492187,0.0030561078206565633
BPIC_2017_W,0.9,0.25,SERA,0.7897528803950256,0.014025669993574205,0.4025452878435473,0.0037089997467835483
BPIC_2017_W,0.9,0.5,Quantile,0.8083775522828004,0.009440621967967886,0.5898980817513678,0.012899380690279197
BPIC_2017_W,0.9,0.5,Vanilla,0.8373916826240372,0.004556446845163476,0.6234960375732562,0.002529056422430872
BPIC_2017_W,0.9,0.5,CSW,0.8378302637807135,0.0028517507945607923,0.6177025827802453,0.004569152752483614
BPIC_2017_W,0.9,0.5,EAL,0.8363714418649684,0.0031350013009132185,0.6228813662456736,0.0016031620767460188
BPIC_2017_W,0.9,0.5,BMSE,0.8405688578467231,0.005344231689068089,0.6244452949207885,0.007973454083296864
BPIC_2017_W,0.9,0.5,SERA,0.8468552325831575,0.006346289225899533,0.6254889832357995,0.00411132506262287
BPIC_2017_W,0.9,0.75,Quantile,0.9102883353414519,0.004311531820931468,0.75930399911876,0.01628087428897474
BPIC_2017_W,0.9,0.75,Vanilla,0.9191816558371702,0.0013778771152886172,0.7967146622442153,0.0021204994799744604
BPIC_2017_W,0.9,0.75,CSW,0.9199408860105855,0.0015001190468467583,0.7964193022775834,0.004169410142685143
BPIC_2017_W,0.9,0.75,EAL,0.9200326633030681,0.0009266369769576477,0.797605879798591,0.0015282112726450157
BPIC_2017_W,0.9,0.75,BMSE,0.9216355049700933,0.003043536607141957,0.7972475486041535,0.007726332350581777
BPIC_2017_W,0.9,0.75,SERA,0.9096428686690479,0.0033306270143602505,0.7897895610177674,0.010278721804989182
BPIC_2017_W,0.95,0.25,Quantile,0.6727482018874984,0.01742844390527319,0.26145638281762223,0.007919220236347908
BPIC_2017_W,0.95,0.25,Vanilla,0.7137684228578556,0.013563218674050555,0.28373027032948017,0.0033393858583989702
BPIC_2017_W,0.95,0.25,CSW,0.7463323182139442,0.016645729242148622,0.29269779982834077,0.0032488318951486793
BPIC_2017_W,0.95,0.25,EAL,0.712497531492953,0.004782717277167838,0.2814315939542915,0.002173492416143831
BPIC_2017_W,0.95,0.25,BMSE,0.7354285328233484,0.017541794627509263,0.29240425926388947,0.005387567371353246
BPIC_2017_W,0.95,0.25,SERA,0.8119997375587247,0.00972880671539788,0.31360719043069474,0.005873655901832957
BPIC_2017_W,0.95,0.5,Quantile,0.8303329496320625,0.011334718382300196,0.4785860826363195,0.017958882845290593
BPIC_2017_W,0.95,0.5,Vanilla,0.855088502473704,0.0035761071131417068,0.521036009442663,0.0027781601481175616
BPIC_2017_W,0.95,0.5,CSW,0.85716308776452,0.003047675667976532,0.5163641544666564,0.0038084771264356113
BPIC_2017_W,0.95,0.5,EAL,0.8541468319960088,0.00281341555586958,0.5197895592551287,0.001258179258747344
BPIC_2017_W,0.95,0.5,BMSE,0.8599970637758283,0.0046986873062509656,0.5217875047937877,0.004745069019577076
BPIC_2017_W,0.95,0.5,SERA,0.8688764135450878,0.0044734657198457015,0.543637192406908,0.0053339749773250395
BPIC_2017_W,0.95,0.75,Quantile,0.9209604830998213,0.003377102526501671,0.6818955077130637,0.02050363458994548
BPIC_2017_W,0.95,0.75,Vanilla,0.9245239679042114,0.0012636194653888883,0.7254068771276498,0.002461803264200116
BPIC_2017_W,0.95,0.75,CSW,0.9229792021785224,0.0012451706441819633,0.7233668118762818,0.004102596819361269
BPIC_2017_W,0.95,0.75,EAL,0.9241086091132085,0.0010532746511930815,0.7243117584258367,0.0029126620185103954
BPIC_2017_W,0.95,0.75,BMSE,0.926206450338835,0.0012709073426667686,0.7226833660331213,0.005753867307116832
BPIC_2017_W,0.95,0.75,SERA,0.9186529486966283,0.0008854234375326555,0.7227762443267999,0.0070517975407667225
Sepsis,0.8,0.25,Vanilla,0.7525010508617066,0.02067427194492282,0.3149934862880503,0.034110926344096855
Sepsis,0.8,0.25,CSW,0.7561580496006727,0.017741458894698924,0.3339113759177736,0.017573604046884135
Sepsis,0.8,0.25,EAL,0.7248003362757462,0.03809242507633972,0.2798030022144088,0.04389568658363271
Sepsis,0.8,0.25,BMSE,0.6884825556956704,0.015097631796111498,0.22858848582093297,0.019559285208291016
Sepsis,0.8,0.25,SERA,0.6949558638083229,0.0020890750129952187,0.2716494068218612,0.0007196033624952698
Sepsis,0.8,0.5,Vanilla,0.7550651534258092,0.012013514272579897,0.3897705238161571,0.016618459320820504
Sepsis,0.8,0.5,CSW,0.7509037410676754,0.010560402039798607,0.4022897588816007,0.01798646960759261
Sepsis,0.8,0.5,EAL,0.7329129886506937,0.03714744852801882,0.37857110784143916,0.02115717836279586
Sepsis,0.8,0.5,BMSE,0.7218158890290038,0.029573720496816665,0.36742228206746896,0.032513504006743556
Sepsis,0.8,0.5,SERA,0.7334174022698612,0.00011511613230459816,0.3643183759483367,3.434751825544566e-05
Sepsis,0.8,0.75,Vanilla,0.723118957545187,0.008093136232589952,0.3373137771382675,0.008400982907459447
Sepsis,0.8,0.75,CSW,0.7116435477091215,0.011374576820289852,0.33850531525126215,0.0084053405737357
Sepsis,0.8,0.75,EAL,0.7118537200504413,0.017333803783535336,0.33278630590732816,0.01150858243376755
Sepsis,0.8,0.75,BMSE,0.7205548549810844,0.011459308422960054,0.3252394447966666,0.01746121682996296
Sepsis,0.8,0.75,SERA,0.7229928541403952,0.0,0.3270288818912471,0.0
Sepsis,0.9,0.25,Quantile,0.6014778325123153,0.013891955571822781,0.07396027192947704,0.027625570902502228
Sepsis,0.9,0.25,Vanilla,0.7489326765188833,0.013937975601255193,0.11303854413493963,0.03365728995252615
Sepsis,0.9,0.25,CSW,0.7446633825944171,0.009414897324449683,0.12092852692789806,0.009818525881367954
Sepsis,0.9,0.25,EAL,0.6768472906403941,0.03889061254566078,0.0741549750411076,0.02586663888167625
Sepsis,0.9,0.25,BMSE,0.6215106732348111,0.03795821430399613,0.07812070015906017,0.027291370952688236
Sepsis,0.9,0.25,SERA,0.6642036124794746,0.0017416423181934777,0.09960683982767371,0.00010293547064599082
Sepsis,0.9,0.5,Quantile,0.6292282430213465,0.02071017045278615,0.06833132050189436,0.0127948734173554
Sepsis,0.9,0.5,Vanilla,0.7293924466338259,0.020014999188473166,0.09281113360310474,0.007359294713992028
Sepsis,0.9,0.5,CSW,0.7180623973727422,0.007627076625611552,0.09355693048877232,0.002735726884450197
Sepsis,0.9,0.5,EAL,0.6912972085385878,0.029670461411482163,0.08013019101915259,0.007849393592788556
Sepsis,0.9,0.5,BMSE,0.6500821018062397,0.041351118970762636,0.08539143022445582,0.012776556346677749
Sepsis,0.9,0.5,SERA,0.7085385878489326,0.0,0.07765284392741692,0.0
Sepsis,0.9,0.75,Quantile,0.6077175697865353,0.011485452882833178,0.051029103455242995,0.004367962650016058
Sepsis,0.9,0.75,Vanilla,0.644991789819376,0.01694164355987015,0.05318329003899438,0.0039496929668944815
Sepsis,0.9,0.75,CSW,0.6504105090311987,0.005903342532757833,0.05418274997822779,0.0018080763674568705
Sepsis,0.9,0.75,EAL,0.6252873563218392,0.0205631837091052,0.05033300650165669,0.002096947458998752
Sepsis,0.9,0.75,BMSE,0.6206896551724138,0.03112297441876007,0.05098872946419647,0.0046880498780068405
Sepsis,0.9,0.75,SERA,0.6288998357963875,0.0,0.04776442434532416,0.0
Sepsis,0.95,0.25,Quantile,0.6048076923076923,0.1650236445314364,0.016876752727305964,0.014887305400681184
Sepsis,0.95,0.25,Vanilla,0.9173076923076924,0.0705273877726625,0.10158119658119658,0.08986199962064055
Sepsis,0.95,0.25,CSW,0.9423076923076923,0.04022403973721516,0.11466666666666665,0.07865536642001401
Sepsis,0.95,0.25,EAL,0.6596153846153846,0.15753539331822863,0.01661558725512214,0.007570082291536134
Sepsis,0.95,0.25,BMSE,0.8644230769230768,0.18980949457487428,0.09202020202020203,0.0711748595113941
Sepsis,0.95,0.25,SERA,0.9807692307692306,1.2412670766236366e-16,0.2,0.0
Sepsis,0.95,0.5,Quantile,0.6807692307692308,0.18841002043101782,0.022585142567665365,0.016669368577822585
Sepsis,0.95,0.5,Vanilla,0.8548076923076924,0.05411591082790466,0.03525765015126718,0.011249084376601895
Sepsis,0.95,0.5,CSW,0.9028846153846155,0.005266563052934271,0.04726708074534162,0.0023556127517123846
Sepsis,0.95,0.5,EAL,0.6692307692307692,0.1956854796674059,0.020554716601228228,0.015762079976153393
Sepsis,0.95,0.5,BMSE,0.8788461538461538,0.03791681567909683,0.04036231884057971,0.009246586931418384
Sepsis,0.95,0.5,SERA,0.8653846153846153,1.2412670766236366e-16,0.034482758620689655,0.0
Sepsis,0.95,0.75,Quantile,0.6211538461538462,0.13873337365067223,0.015113463401134637,0.00914738818336455
Sepsis,0.95,0.75,Vanilla,0.6903846153846154,0.023942114611516782,0.015363536719035443,0.0011988295316529424
Sepsis,0.95,0.75,CSW,0.7067307692307693,0.01359820733051053,0.016154473533969496,0.000697199446723432
Sepsis,0.95,0.75,EAL,0.573076923076923,0.1432418017109407,0.012054569595480978,0.003575755423427216
Sepsis,0.95,0.75,BMSE,0.6701923076923076,0.06526785389055849,0.014784583780544841,0.0027180527137734742
Sepsis,0.95,0.75,SERA,0.5913461538461539,0.0,0.011627906976744186,0.0
BPIC20ID,0.8,0.25,Vanilla,0.6259133858267717,0.012850076468602438,0.05299351399866427,0.013710949556202567
BPIC20ID,0.8,0.25,CSW,0.630259842519685,0.010999361662019938,0.0518791830617729,0.004485577262616086
BPIC20ID,0.8,0.25,EAL,0.6276299212598425,0.010219906745806803,0.04684011092914942,0.004260387912212605
BPIC20ID,0.8,0.25,BMSE,0.6135826771653543,0.025355339394030472,0.04242289736185305,0.0023036622666578427
BPIC20ID,0.8,0.25,SERA,0.580984251968504,0.0,0.06262728117781773,0.0
BPIC20ID,0.8,0.5,Vanilla,0.8478346456692913,0.004158065605425139,0.23554350185975767,0.011015409229208668
BPIC20ID,0.8,0.5,CSW,0.8453622047244094,0.0031004280713005615,0.22993984684152302,0.004958163774306687
BPIC20ID,0.8,0.5,EAL,0.8455511811023623,0.002993809099756649,0.2290937475395201,0.003917650618197478
BPIC20ID,0.8,0.5,BMSE,0.8587244094488188,0.0036850057202852,0.21734750795760244,0.009252190507420585
BPIC20ID,0.8,0.5,SERA,0.6918897637795275,0.0,0.18168508667998834,0.0
BPIC20ID,0.8,0.75,Vanilla,0.9301574803149606,0.0024999224986436987,0.5783421262434828,0.016035171567150053
BPIC20ID,0.8,0.75,CSW,0.9293228346456693,0.0019668102950425558,0.5862760619843651,0.002935376537890715
BPIC20ID,0.8,0.75,EAL,0.9285748031496063,0.00309141619871999,0.5694670872986041,0.007832502290369692
BPIC20ID,0.8,0.75,BMSE,0.9372755905511811,0.0018190084160287071,0.4797541317888432,0.016526200689765812
BPIC20ID,0.8,0.75,SERA,0.8233464566929134,0.0,0.5541099921194278,0.0
BPIC20ID,0.9,0.25,Quantile,0.6926184926184925,0.010225427317165003,0.006076109215855417,0.00028904772417361036
BPIC20ID,0.9,0.25,Vanilla,0.709039109039109,0.017074973891903163,0.007070963033294994,0.0004744632881924602
BPIC20ID,0.9,0.25,CSW,0.7044807044807044,0.022041667681229202,0.006898766359377624,0.0007625845061647163
BPIC20ID,0.9,0.25,EAL,0.7089355089355089,0.01843037544536571,0.007356449375425048,0.0003173911637161852
BPIC20ID,0.9,0.25,BMSE,0.675058275058275,0.007413472413052571,0.004846312341652926,0.00011510198627266676
BPIC20ID,0.9,0.25,SERA,0.5586635586635587,0.0,0.0033812252580970306,0.0
BPIC20ID,0.9,0.5,Quantile,0.9203315203315203,0.011013755712993997,0.018639351054169175,0.0025617264407590407
BPIC20ID,0.9,0.5,Vanilla,0.6875938875938876,0.024979363195176657,0.004797077794292644,0.0003907065339251703
BPIC20ID,0.9,0.5,CSW,0.6691012691012691,0.013458795881437247,0.004512203305980992,0.00019461195364891396
BPIC20ID,0.9,0.5,EAL,0.6847448847448848,0.016528803196311483,0.0047371847944129835,0.0002618064563229373
BPIC20ID,0.9,0.5,BMSE,0.8249158249158249,0.02079112379216727,0.008554693483979175,0.000995316115009735
BPIC20ID,0.9,0.5,SERA,0.09401709401709402,0.0,0.0016648307107809534,2.42434975903054e-19
BPIC20ID,0.9,0.75,Quantile,0.7553483553483554,0.004850985659028536,0.05058189472810239,0.0049705003525052395
BPIC20ID,0.9,0.75,Vanilla,0.6671846671846671,0.017299782659463095,0.005887663384272201,0.0008672077052338311
BPIC20ID,0.9,0.75,CSW,0.6613312613312614,0.012930054550250517,0.005495659701551978,0.0005995667536404908
BPIC20ID,0.9,0.75,EAL,0.6660450660450661,0.021897855404848735,0.005862652470779509,0.0011126447291385832
BPIC20ID,0.9,0.75,BMSE,0.7278425278425279,0.0070868642675897,0.010438462635163136,0.0010244252948724837
BPIC20ID,0.9,0.75,SERA,0.25770525770525765,0.0,0.0020198391837407854,0.0
BPIC20ID,0.95,0.25,Quantile,0.7403726708074534,0.02379344892363547,0.006700392018150714,0.0006474626245208521
BPIC20ID,0.95,0.25,Vanilla,0.6972049689440993,0.004674532056984618,0.006853930435773689,0.0002132526504569097
BPIC20ID,0.95,0.25,CSW,0.6961956521739131,0.0030885596709496975,0.006722953699724502,0.000500330001217595
BPIC20ID,0.95,0.25,EAL,0.6968944099378882,0.001889854261589786,0.007309334637012682,0.00025748206793611584
BPIC20ID,0.95,0.25,BMSE,0.7607142857142857,0.00374968653448551,0.004927425239744259,0.0001221217945812737
BPIC20ID,0.95,0.25,SERA,0.6350931677018634,0.0,0.003116166439948675,0.0
BPIC20ID,0.95,0.5,Quantile,0.9430124223602483,0.010367160175652491,0.020008292637095887,0.003787029727187512
BPIC20ID,0.95,0.5,Vanilla,0.6308229813664596,0.02937769602874617,0.0030709300148152622,0.00024928615498551735
BPIC20ID,0.95,0.5,CSW,0.6114130434782609,0.015476915356560242,0.0029064863302624205,0.00011428614642232179
BPIC20ID,0.95,0.5,EAL,0.6311335403726708,0.0192156424483379,0.0030649424998988963,0.00016731711004664882
BPIC20ID,0.95,0.5,BMSE,0.8322981366459627,0.02214605016048544,0.006800792675825065,0.0009074393315512666
BPIC20ID,0.95,0.5,SERA,0.13237577639751552,0.0,0.0013124119429486808,0.0
BPIC20ID,0.95,0.75,Quantile,0.9888198757763975,0.0008415948520449992,0.0973227617792835,0.008919247337562834
BPIC20ID,0.95,0.75,Vanilla,0.8227484472049689,0.02561023437196573,0.007027131039382353,0.0013001154391342215
BPIC20ID,0.95,0.75,CSW,0.8093944099378882,0.02019379938453407,0.006413032563951125,0.0009054046058581735
BPIC20ID,0.95,0.75,EAL,0.8219720496894409,0.0320476825560938,0.006994923813375723,0.0016667258652494337
BPIC20ID,0.95,0.75,BMSE,0.9057453416149069,0.014570129057026161,0.013806185446542782,0.0015830991396666777
BPIC20ID,0.95,0.75,SERA,0.19875776397515527,0.0,0.001409912486857567,0.0
BPIC20DD,0.8,0.25,Vanilla,0.490667787874945,0.0008205658134811769,0.3365858508079338,0.0016868489816339912
BPIC20DD,0.8,0.25,CSW,0.4911682686566062,0.00021557061334817105,0.3373237287932338,0.0005942163131979674
BPIC20DD,0.8,0.25,EAL,0.48920537441256606,0.00019629956028382632,0.3353905069498927,0.0007594473375742689
BPIC20DD,0.8,0.25,BMSE,0.47823111746954944,7.207803127224045e-05,0.3217033492008957,0.0005378069033798287
BPIC20DD,0.8,0.25,SERA,0.5328719224741112,0.08686670965354855,0.3541870677527691,0.05049563356978805
BPIC20DD,0.8,0.5,Vanilla,0.7315808913605812,9.121485215868326e-05,0.6047003602901524,0.0002767527545078457
BPIC20DD,0.8,0.5,CSW,0.7315099745265747,0.00018215529500197137,0.6050168797930239,0.00013770942018477098
BPIC20DD,0.8,0.5,EAL,0.7295848779701042,0.0008637464539621567,0.6029816074539147,0.00079986302749717
BPIC20DD,0.8,0.5,BMSE,0.7226611295721967,0.00018689970487752993,0.5865674787365538,0.0008640810988789168
BPIC20DD,0.8,0.5,SERA,0.7158030038696461,0.022753045222588968,0.5956969818120487,0.01215291590744615
BPIC20DD,0.8,0.75,Vanilla,0.7784718160988601,0.00045357599386520233,0.6820741791062996,0.00027960926863050814
BPIC20DD,0.8,0.75,CSW,0.7803604692822994,0.000853309472328785,0.6844061902495455,0.0004734917882243613
BPIC20DD,0.8,0.75,EAL,0.778562924531438,0.0006205947237531242,0.6821667621373299,0.0003167442175694642
BPIC20DD,0.8,0.75,BMSE,0.7736507025814467,0.0007676604217039776,0.6585214580876548,0.0009205554120338128
BPIC20DD,0.8,0.75,SERA,0.7854152636173249,0.0021334603572726444,0.6840317230426209,0.0016295295722267243
BPIC20DD,0.9,0.25,Quantile,0.5091243039032586,0.0011833744424635465,0.21180153784399486,0.0032578417720940775
BPIC20DD,0.9,0.25,Vanilla,0.5214515056156778,0.0012517444864358024,0.23391471515275047,0.0007985504748578964
BPIC20DD,0.9,0.25,CSW,0.5216783500055431,0.0001691923986332127,0.23464254570034634,0.0007396376690654517
BPIC20DD,0.9,0.25,EAL,0.5197706398546831,0.00017800827286592222,0.2329331101104335,0.001049594179192316
BPIC20DD,0.9,0.25,BMSE,0.5088147380629535,0.0001547497326324986,0.23260985744117332,0.0011416224032424504
BPIC20DD,0.9,0.25,SERA,0.5453882791379914,0.06987642497552089,0.23605498616971837,0.025039946973618162
BPIC20DD,0.9,0.5,Quantile,0.7137859134750685,0.028304892903203635,0.47529647809718367,0.018581448680731652
BPIC20DD,0.9,0.5,Vanilla,0.7496428906456537,0.0004481935621697339,0.5190197258728291,0.00031972137411274027
BPIC20DD,0.9,0.5,CSW,0.7490813228609683,0.0005396279772112019,0.5184156924641723,0.0002903798693326175
BPIC20DD,0.9,0.5,EAL,0.7472017550592269,0.0005902261039638394,0.5177581723250805,0.0006573402525206733
BPIC20DD,0.9,0.5,BMSE,0.7445017951407543,0.000667462245947001,0.5126689183620832,0.0006522742544593898
BPIC20DD,0.9,0.5,SERA,0.7288580602246272,0.02215989877145568,0.5148512312585457,0.0041795122482192176
BPIC20DD,0.9,0.75,Quantile,0.8167344641440888,0.002688207300157134,0.5488559077617181,0.028154718240409653
BPIC20DD,0.9,0.75,Vanilla,0.8258888291929969,0.000531451946629785,0.6430307778347005,0.00044404726482425404
BPIC20DD,0.9,0.75,CSW,0.8276613707882415,0.000959496095354299,0.6448068873528937,0.0005398547699499765
BPIC20DD,0.9,0.75,EAL,0.8267753131902337,0.0008249034452164157,0.6439999569246614,0.0006041884123437606
BPIC20DD,0.9,0.75,BMSE,0.8241998618466496,0.0003363219695840906,0.6317357173997041,0.0005084981683656263
BPIC20DD,0.9,0.75,SERA,0.8272400883499204,0.0007407482466251151,0.6384601619564076,0.0012315229292130545
BPIC20DD,0.95,0.25,Quantile,0.5782322465980329,0.009294282457187027,0.11860769165553638,0.012487617726290617
BPIC20DD,0.95,0.25,Vanilla,0.575970716785859,0.001229053967868337,0.19164499536623117,0.0011999045425462869
BPIC20DD,0.95,0.25,CSW,0.5771664681808014,0.00023195194341733063,0.192137949422205,0.0007677901695056706
BPIC20DD,0.95,0.25,EAL,0.5781494266075843,0.00017133792080325995,0.19246140974355117,0.0003740937335569768
BPIC20DD,0.95,0.25,BMSE,0.5832395311300396,0.00024573049774816657,0.19638137674163642,0.0011999812780282538
BPIC20DD,0.95,0.25,SERA,0.5814362316299821,0.03526941356974071,0.18750648426675526,0.00616570439467141
BPIC20DD,0.95,0.5,Quantile,0.7161734746310883,0.03038298724995117,0.4196419862512178,0.024252403753506683
BPIC20DD,0.95,0.5,Vanilla,0.7666150804925673,9.39837856032981e-05,0.5169287372439832,0.00021157427976434162
BPIC20DD,0.95,0.5,CSW,0.7666344253078545,0.00011866266927965964,0.5172301632980139,0.000382010746488617
BPIC20DD,0.95,0.5,EAL,0.7635513453714506,0.001735512525599937,0.516354821760501,0.00024192639481680105
BPIC20DD,0.95,0.5,BMSE,0.7649054824415575,0.0004183167792634916,0.5143304408101707,0.001329940211447852
BPIC20DD,0.95,0.5,SERA,0.7174973854273088,0.03777990337924694,0.5142228253391657,0.0019086181645576246
BPIC20DD,0.95,0.75,Quantile,0.820359209038865,0.006698432819231968,0.4680265613565762,0.028977196965665607
BPIC20DD,0.95,0.75,Vanilla,0.8169787025674197,0.0013874511637741273,0.580065137819854,0.0004038759088523683
BPIC20DD,0.95,0.75,CSW,0.8193218433190866,0.0018384662410413917,0.5811979781936311,0.0006152403299842715
BPIC20DD,0.95,0.75,EAL,0.8197546835611387,0.0015773192297898362,0.5811519647185407,0.0005704424217107753
BPIC20DD,0.95,0.75,BMSE,0.8271117586250674,0.0006714860456205149,0.5820859210761757,0.0003881280938575354
BPIC20DD,0.95,0.75,SERA,0.8187414988604695,0.004473722578443018,0.5789429994768533,0.0005418147379256021
BPIC20PTC,0.8,0.25,Vanilla,0.7574473684210525,0.006035874974152538,0.10746312808226002,0.003994413142987499
BPIC20PTC,0.8,0.25,CSW,0.7826973684210526,0.0041932726263098396,0.1118062875982881,0.0017690335457817598
BPIC20PTC,0.8,0.25,EAL,0.7572763157894737,0.0014153149273184247,0.10606840997866354,0.0018783926793658843
BPIC20PTC,0.8,0.25,BMSE,0.7869868421052632,0.004800017312988159,0.11565524279123915,0.0030311654093032538
BPIC20PTC,0.8,0.25,SERA,0.753907894736842,0.001739133257555235,0.10332061690034111,0.0005666957449835532
BPIC20PTC,0.8,0.5,Vanilla,0.9550394736842106,0.006817643519420331,0.7218781747118334,0.006772410581987345
BPIC20PTC,0.8,0.5,CSW,0.9706973684210526,0.0009864034112627305,0.7496843344159696,0.0038017203314545172
BPIC20PTC,0.8,0.5,EAL,0.9569342105263157,0.0021407373105280163,0.7164778131928309,0.005685629260431483
BPIC20PTC,0.8,0.5,BMSE,0.9708289473684211,0.0006129376157290662,0.7530273305706813,0.0019034789698537155
BPIC20PTC,0.8,0.5,SERA,0.881828947368421,0.0035630937567111,0.6873212562669851,0.0018460613899770803
BPIC20PTC,0.8,0.75,Vanilla,0.9988421052631578,0.0004595855051729511,0.9822861999286598,0.005856347027513147
BPIC20PTC,0.8,0.75,CSW,0.9981842105263159,0.00019516311808146617,0.9708167703459687,0.002728372537162837
BPIC20PTC,0.8,0.75,EAL,0.9986052631578948,0.00015002308224986902,0.9767168708996963,0.0025879318779921585
BPIC20PTC,0.8,0.75,BMSE,0.998078947368421,0.00011768778828945553,0.9691831110342907,0.0022231743137144096
BPIC20PTC,0.8,0.75,SERA,0.9766052631578948,0.0027449273285064042,0.6010614532471855,0.03481811715779769
BPIC20PTC,0.9,0.25,Quantile,0.680095923261391,0.006750929621227434,0.011594824244657876,0.00019698813485929655
BPIC20PTC,0.9,0.25,Vanilla,0.686810551558753,0.004899956053166093,0.011971594399600261,0.00026137011690836095
BPIC20PTC,0.9,0.25,CSW,0.680335731414868,0.005787778602468631,0.011590351220798817,0.00015812537987938458
BPIC20PTC,0.9,0.25,EAL,0.6875299760191848,0.0013671168166656635,0.011933821280460012,6.88898594374561e-05
BPIC20PTC,0.9,0.25,BMSE,0.6820143884892087,0.005712771822336461,0.011730307924734723,0.0002740719309339995
BPIC20PTC,0.9,0.25,SERA,0.6364508393285372,0.0025994584398895512,0.01006716582034896,4.796890551343347e-05
BPIC20PTC,0.9,0.5,Quantile,0.9743405275779375,0.002486383855315091,0.5430289855072464,0.004153381466918963
BPIC20PTC,0.9,0.5,Vanilla,0.9270983213429256,0.010432343757389051,0.5161582374740269,0.002129501417541968
BPIC20PTC,0.9,0.5,CSW,0.9470023980815349,0.0028626705962381846,0.5216917326418266,0.001130753710179405
BPIC20PTC,0.9,0.5,EAL,0.934052757793765,0.003283708378328354,0.5175768989328311,0.0008595771461160889
BPIC20PTC,0.9,0.5,BMSE,0.9450839328537171,0.0019702250269970287,0.5209410430839002,0.0007470850967820943
BPIC20PTC,0.9,0.5,SERA,0.8071942446043167,0.007696310089151672,0.5061502957415722,0.0002470001860585439
BPIC20PTC,0.9,0.75,Quantile,1.0,0.0,1.0,0.0
BPIC20PTC,0.9,0.75,Vanilla,1.0,0.0,1.0,0.0
BPIC20PTC,0.9,0.75,CSW,1.0,0.0,1.0,0.0
BPIC20PTC,0.9,0.75,EAL,1.0,0.0,1.0,0.0
BPIC20PTC,0.9,0.75,BMSE,1.0,0.0,1.0,0.0
BPIC20PTC,0.9,0.75,SERA,0.9995203836930455,0.0006567416756656627,0.9333333333333332,0.09128709291752773
BPIC20PTC,0.95,0.25,Quantile,,0.0,,0.0
BPIC20PTC,0.95,0.25,Vanilla,,0.0,,0.0
BPIC20PTC,0.95,0.25,CSW,,0.0,,0.0
BPIC20PTC,0.95,0.25,EAL,,0.0,,0.0
BPIC20PTC,0.95,0.25,BMSE,,0.0,,0.0
BPIC20PTC,0.95,0.25,SERA,,0.0,,0.0
BPIC20PTC,0.95,0.5,Quantile,,0.0,,0.0
BPIC20PTC,0.95,0.5,Vanilla,,0.0,,0.0
BPIC20PTC,0.95,0.5,CSW,,0.0,,0.0
BPIC20PTC,0.95,0.5,EAL,,0.0,,0.0
BPIC20PTC,0.95,0.5,BMSE,,0.0,,0.0
BPIC20PTC,0.95,0.5,SERA,,0.0,,0.0
BPIC20PTC,0.95,0.75,Quantile,,0.0,,0.0
BPIC20PTC,0.95,0.75,Vanilla,,0.0,,0.0
BPIC20PTC,0.95,0.75,CSW,,0.0,,0.0
BPIC20PTC,0.95,0.75,EAL,,0.0,,0.0
BPIC20PTC,0.95,0.75,BMSE,,0.0,,0.0
BPIC20PTC,0.95,0.75,SERA,,0.0,,0.0
