Dataset,Quantile,Method,AUC-Average,AUC-Std,PR-AUC-Average,PR-AUC-Std
P2P,0.9,BMSE,0.7815061339522547,0.012308027639193694,0.19356456477117043,0.012399729042075815
P2P,0.9,CSW,0.7104111405835545,0.10346737242036362,0.17239768434945005,0.02845426667368567
P2P,0.9,EAL,0.7823209549071618,0.029201297634860998,0.2012009921052283,0.04113045665308956
P2P,0.9,Quantile,0.7670689655172414,0.0055121483964728265,0.17752006224695016,0.0038715494489757244
P2P,0.9,SERA,0.7020673076923076,0.06666481003331662,0.16262027384972488,0.017363948259871132
P2P,0.9,Vanilla,0.7640923408488064,0.024234138523428084,0.18920858764184045,0.01860187874583636
P2P,0.95,BMSE,0.767839645750895,0.015124841610917785,0.09964267270591623,0.007936170034902058
P2P,0.95,CSW,0.7022627347528422,0.10573880292706826,0.08945685898459094,0.017488351214867727
P2P,0.95,EAL,0.7689890710382514,0.026170088916548102,0.10751797608309663,0.026168714019143655
P2P,0.95,Quantile,0.7550766283524905,0.006530430534146615,0.09458912589408804,0.0034108859005205143
P2P,0.95,SERA,0.6795191884931852,0.06079142750279972,0.08901392958999277,0.012599335579590872
P2P,0.95,Vanilla,0.7537984423089001,0.02846661442453768,0.10002784408327518,0.012109761452598986
BPIC15_1,0.9,BMSE,0.7213790264020921,0.02254967792410767,0.24115497137165393,0.014847142289422816
BPIC15_1,0.9,CSW,0.6951626438420647,0.012188324844072779,0.20904409885563152,0.011892958659326247
BPIC15_1,0.9,EAL,0.7082107494694168,0.0174699825603591,0.22437565139399823,0.019314236416674638
BPIC15_1,0.9,Quantile,0.705468587192744,0.015978414535248717,0.22062262611925432,0.01988806623324261
BPIC15_1,0.9,SERA,0.6806633788275007,0.07430107603047685,0.20572305732927937,0.06538324553124224
BPIC15_1,0.9,Vanilla,0.6621633941441918,0.017826534355695544,0.17797731014034185,0.012304858247469916
BPIC15_1,0.95,BMSE,0.7134061813195285,0.019441219339950508,0.15217255010756042,0.018183884999281752
BPIC15_1,0.95,CSW,0.6945031979786226,0.006683060607296248,0.14117235966006342,0.018191544919912324
BPIC15_1,0.95,EAL,0.7050795537015755,0.01589127545959198,0.16194882073716252,0.03143290697090227
BPIC15_1,0.95,Quantile,0.7033197094578341,0.011047493268317382,0.12098827871314873,0.027431513788337795
BPIC15_1,0.95,SERA,0.6633513705769519,0.0708316500872152,0.11127076423140167,0.048316294908157455
BPIC15_1,0.95,Vanilla,0.668566923176556,0.02790771481951547,0.10898600684131168,0.017068839696130936
BPIC_2017_W,0.9,BMSE,0.6497820279125682,0.0017311364829167262,0.1488929803316858,0.002656972817305799
BPIC_2017_W,0.9,CSW,0.6529141981221963,0.002713144206273267,0.1554100218623958,0.0029496965573336024
BPIC_2017_W,0.9,EAL,0.6517454786551713,0.0017988115254785194,0.15385727659700435,0.0017271347733064945
BPIC_2017_W,0.9,Quantile,0.6446165964306794,0.0033763489278314093,0.1432413379073996,0.0018804139283254918
BPIC_2017_W,0.9,SERA,0.44826742593797153,0.04628564320567169,0.08936281316580745,0.009578285916233156
BPIC_2017_W,0.9,Vanilla,0.6514684094053841,0.0029079639415998033,0.15401843455452924,0.0014980321029053017
BPIC_2017_W,0.95,BMSE,0.6490753017744229,0.001863394255717245,0.07616627086621744,0.0020793168660561533
BPIC_2017_W,0.95,CSW,0.6538341167055075,0.002268734487483137,0.07986529545876031,0.0019346351513948841
BPIC_2017_W,0.95,EAL,0.6498632682444929,0.002393501740688293,0.07670136004908042,0.0002546943333978677
BPIC_2017_W,0.95,Quantile,0.6365729790789074,0.007746207752393679,0.0709985090237262,0.0017724831016781171
BPIC_2017_W,0.95,SERA,0.45564912193451745,0.04028605823864525,0.0449149805666814,0.004687693775820625
BPIC_2017_W,0.95,Vanilla,0.6492594454723064,0.0031485550818804195,0.07683701305549819,0.0016424836265378395
Sepsis,0.9,BMSE,0.5639513309708749,0.04630539639673099,0.11522449294286212,0.017776065114810075
Sepsis,0.9,CSW,0.6546785326508454,0.01383354966790223,0.16710713729376472,0.0188676452946038
Sepsis,0.9,EAL,0.6228075670258081,0.03791365644609293,0.14434068748124979,0.02949348485858418
Sepsis,0.9,Quantile,0.5906832038753863,0.04116616889562949,0.1224245034760992,0.015230000216854639
Sepsis,0.9,SERA,0.5631065731228597,0.01896985697874557,0.124950529567512,0.014272228555058527
Sepsis,0.9,Vanilla,0.6434444762620657,0.0224752357766049,0.1567744175377981,0.012091151746879376
Sepsis,0.95,BMSE,0.5420637368285789,0.05493093759682907,0.05616497016994739,0.011478260505935658
Sepsis,0.95,CSW,0.6527716382535196,0.019026494065535075,0.09348730264868174,0.022981918441008616
Sepsis,0.95,EAL,0.6086221765327394,0.03064529268776658,0.07081546702659267,0.011339403318338243
Sepsis,0.95,Quantile,0.5335974756560724,0.04805375596598381,0.05303124235004157,0.007172594034693039
Sepsis,0.95,SERA,0.5371455495588109,0.024084809685186052,0.056842755501363584,0.00603456899463695
Sepsis,0.95,Vanilla,0.6252251634826809,0.033710544748975425,0.08592979796520377,0.02283346598272489
BPIC20ID,0.9,BMSE,0.8464022648503853,0.0010843792408522322,0.2841517504845041,0.0011239056546918599
BPIC20ID,0.9,CSW,0.8514291212856003,0.0008252556132469403,0.29901919426730295,0.0055060173696754675
BPIC20ID,0.9,EAL,0.8509270144346127,0.0004373962959513704,0.30259229153642675,0.0010080979337559475
BPIC20ID,0.9,Quantile,0.8458665326345505,0.0004727289651539403,0.2841788490240169,0.000931161336971308
BPIC20ID,0.9,SERA,0.5036726319421923,0.07242663307741122,0.10527915717706156,0.011339317769232344
BPIC20ID,0.9,Vanilla,0.8515129394466443,0.0006941147849168474,0.29937461313753627,0.003984805299257027
BPIC20ID,0.95,BMSE,0.8487288527530371,0.0019260091208542693,0.15285151386613208,0.0016254530492246272
BPIC20ID,0.95,CSW,0.8605682059463652,0.002197538425727651,0.1777292978869061,0.00958801401526772
BPIC20ID,0.95,EAL,0.8619926623287026,0.0010349169948054707,0.18473166882636677,0.0019641512383232326
BPIC20ID,0.95,Quantile,0.8490035234204797,0.000815090599884755,0.15396134733373495,0.001480773347313261
BPIC20ID,0.95,SERA,0.49841248182583725,0.07322767352490263,0.05257872654079887,0.006189039567207027
BPIC20ID,0.95,Vanilla,0.861287103555062,0.0010626968382435886,0.17810885812483396,0.007265950777701268
BPIC20DD,0.9,BMSE,0.7005222961505535,0.0007127226867067072,0.16597256443652045,0.0006411764885459601
BPIC20DD,0.9,CSW,0.6927035151459948,0.000841393648984948,0.16102076294528586,0.0005890930327725692
BPIC20DD,0.9,EAL,0.6957769726033437,0.002060174114656416,0.1630586575519925,0.00042039595912942676
BPIC20DD,0.9,Quantile,0.6995835899130383,0.0020633561379941306,0.16508651134322555,0.0016336186755418036
BPIC20DD,0.9,SERA,0.5252836830811465,0.06401375997662666,0.12547847959420802,0.020329309461281763
BPIC20DD,0.9,Vanilla,0.6923406537077564,0.0005117397787407783,0.16082280926948928,0.00044696616358616087
BPIC20DD,0.95,BMSE,0.7068639481276147,0.0008766608487560227,0.08913332149664958,0.0005175537840630161
BPIC20DD,0.95,CSW,0.691122816189145,0.0011108046367673363,0.08571991996442288,0.0004684579680531087
BPIC20DD,0.95,EAL,0.698141533272916,0.003922923243729547,0.08852304246935785,0.000976569881150585
BPIC20DD,0.95,Quantile,0.7032752085330387,0.0032649946385759497,0.08890558419885017,0.0009074909674866639
BPIC20DD,0.95,SERA,0.5521541548373446,0.06573222007457055,0.06878924052373145,0.012538218359724788
BPIC20DD,0.95,Vanilla,0.6908130946837644,0.0007442075982357513,0.08548910142914565,0.0002916858058946623
BPIC20PTC,0.9,BMSE,0.8457848059729669,0.003599657028744335,0.2771702396639048,0.011586995875419889
BPIC20PTC,0.9,CSW,0.8420629391061226,0.0015422484158691156,0.2687545602575135,0.00420537409655552
BPIC20PTC,0.9,EAL,0.8379387689970287,0.0015339682171455755,0.2652093012309931,0.003174130628013262
BPIC20PTC,0.9,Quantile,0.8464444484400072,0.0043391644870127985,0.2817982252633059,0.01070690697153174
BPIC20PTC,0.9,SERA,0.8357480143300864,0.007558909397924322,0.2610959662447876,0.011872412890824932
BPIC20PTC,0.9,Vanilla,0.8409634600775837,0.00684935883256956,0.27897752609422616,0.013801021077094395
BPIC20PTC,0.95,BMSE,0.8535074721645994,0.004540609184153215,0.1566483758469109,0.008611240922770843
BPIC20PTC,0.95,CSW,0.8497569958934846,0.003476778460618272,0.15088228757490743,0.006178288201683188
BPIC20PTC,0.95,EAL,0.8526882858473392,0.0014895497966429892,0.1562632625307908,0.002056022401225851
BPIC20PTC,0.95,Quantile,0.8527301977054316,0.0071873476144126165,0.15677617324209395,0.01035346522731032
BPIC20PTC,0.95,SERA,0.8329844206426484,0.011481698378221817,0.13792832546224493,0.008086711480382598
BPIC20PTC,0.95,Vanilla,0.8531738707082681,0.006865272199540117,0.16110773261839567,0.007201882136821057
